{
    "accuracy": 0.8928571428571429,
    "loss": 0.41747810372284483
}