{
    "accuracy": 0.9036458333333334,
    "loss": 0.41230590641498566
}