{
    "accuracy": 0.7678571428571429,
    "loss": 0.5661947759134429
}