{
    "accuracy": 0.7738095238095238,
    "loss": 0.565286496504476
}