{
    "accuracy": 0.8333333333333334,
    "loss": 0.47445861622691154
}