{
    "accuracy": 0.9136904761904762,
    "loss": 0.5242540932127407
}