{
    "accuracy": 0.9036458333333334,
    "loss": 0.550194188952446
}