{
    "accuracy": 0.8839285714285714,
    "loss": 0.44507098720142885
}